City ID,City,Country,Date,Lat,Lng,Max Temp,Humidity,Cloudiness,Wind Speed
0,Grand Gaube,MU,2021-04-18 23:32:30,-20.0064,57.6608,78.01,84,92,5.99
1,Punta Arenas,CL,2021-04-18 23:32:31,-53.15,-70.9167,51.8,82,75,16.11
2,Airai,TL,2021-04-18 23:32:31,-8.9266,125.4092,66.42,56,91,2.37
3,Leningradskiy,RU,2021-04-18 23:28:08,69.3833,178.4167,31.59,71,37,6.58
4,Ushuaia,AR,2021-04-18 23:31:37,-54.8,-68.3,53.6,62,20,6.91
5,Rikitea,PF,2021-04-18 23:28:25,-23.1203,-134.9692,77.81,76,9,9.4
6,Klaksvik,FO,2021-04-18 23:32:32,62.2266,-6.589,41.0,93,40,6.91
7,Butaritari,KI,2021-04-18 23:32:32,3.0707,172.7902,83.32,76,84,14.61
8,Puerto Ayora,EC,2021-04-18 23:32:33,-0.7393,-90.3518,78.8,83,75,9.22
9,Lompoc,US,2021-04-18 23:29:37,34.6391,-120.4579,66.99,77,0,17.27
10,Mataura,NZ,2021-04-18 23:27:52,-46.1927,168.8643,60.01,77,94,3.0
11,Erzin,TR,2021-04-18 23:30:51,36.9559,36.2,73.0,64,100,10.0
12,Kapaa,US,2021-04-18 23:32:34,22.0752,-159.319,78.8,61,1,12.66
13,Aksu,CN,2021-04-18 23:32:34,41.1231,80.2644,60.15,40,99,6.8
14,Fortuna,US,2021-04-18 23:32:21,40.5982,-124.1573,54.0,87,1,16.11
15,Hilo,US,2021-04-18 23:28:32,19.7297,-155.09,82.4,54,20,12.66
16,Busselton,AU,2021-04-18 23:32:35,-33.65,115.3333,61.63,75,90,7.58
17,Cabo San Lucas,MX,2021-04-18 23:27:50,22.8909,-109.9124,80.6,50,1,4.61
18,Qaanaaq,GL,2021-04-18 23:29:11,77.484,-69.3632,3.72,77,99,4.85
19,Narsaq,GL,2021-04-18 23:27:47,60.9167,-46.05,30.2,34,40,3.44
20,Port Lincoln,AU,2021-04-18 23:32:36,-34.7333,135.8667,61.68,70,2,13.18
21,Albany,US,2021-04-18 23:30:01,42.6001,-73.9662,55.0,44,94,3.0
22,Hay River,CA,2021-04-18 23:32:36,60.8156,-115.7999,44.6,52,100,6.91
23,Murray Bridge,AU,2021-04-18 23:32:37,-35.1167,139.2667,59.0,84,21,3.0
24,San Quintin,MX,2021-04-18 23:32:37,30.4833,-115.95,67.12,59,1,8.25
25,Esmeraldas,BR,2021-04-18 23:32:38,-19.7625,-44.3139,71.6,64,0,8.05
26,Katsuura,JP,2021-04-18 23:32:03,35.1333,140.3,59.0,33,0,13.8
27,Kasamwa,TZ,2021-04-18 23:32:38,-2.85,32.4333,62.26,96,89,4.18
28,Mezen,RU,2021-04-18 23:32:39,65.8522,44.24,26.6,72,62,5.35
29,Plettenberg Bay,ZA,2021-04-18 23:32:39,-34.0527,23.3716,67.14,55,8,11.79
30,Karratha,AU,2021-04-18 23:28:00,-20.7377,116.8463,78.33,68,2,4.18
31,Lebu,CL,2021-04-18 23:31:04,-37.6167,-73.65,56.37,84,55,10.0
32,Nikolskoye,RU,2021-04-18 23:27:48,59.7035,30.7861,46.4,53,0,8.95
33,Hobart,AU,2021-04-18 23:32:40,-42.8794,147.3294,63.0,51,75,16.11
34,Guarapuava,BR,2021-04-18 23:32:41,-25.3953,-51.4581,56.08,93,57,4.88
35,Samarai,PG,2021-04-18 23:32:41,-10.6167,150.6667,84.29,73,98,12.26
36,Nove Mesto Pod Smrkem,CZ,2021-04-18 23:32:42,50.9249,15.2294,37.99,90,100,3.0
37,Clyde River,CA,2021-04-18 23:32:42,70.4692,-68.5914,6.8,85,90,10.36
38,Severo-Kurilsk,RU,2021-04-18 23:32:43,50.6789,156.125,35.46,96,100,28.39
39,Mehamn,NO,2021-04-18 23:32:43,71.0357,27.8492,34.66,78,99,12.84
40,Gazalkent,UZ,2021-04-18 23:32:43,41.5581,69.7708,57.2,51,0,9.22
41,Puerto Ayacucho,VE,2021-04-18 23:32:44,5.6639,-67.6236,80.82,75,100,4.54
42,Tabora,TZ,2021-04-18 23:32:44,-5.0167,32.8,66.2,82,0,5.75
43,Arraial Do Cabo,BR,2021-04-18 23:28:34,-22.9661,-42.0278,75.2,88,75,9.22
44,Yellowknife,CA,2021-04-18 23:28:19,62.456,-114.3525,41.0,48,20,10.36
45,Bredasdorp,ZA,2021-04-18 23:32:45,-34.5322,20.0403,66.2,82,67,8.05
46,Sitka,US,2021-04-18 23:32:45,57.0531,-135.33,66.2,26,1,11.5
47,Tura,IN,2021-04-18 23:32:46,25.5198,90.2201,66.36,92,32,5.7
48,Bluff,NZ,2021-04-18 23:27:50,-46.6,168.3333,60.01,77,79,3.0
49,Auki,SB,2021-04-18 23:32:46,-8.7676,160.7034,86.5,64,56,2.91
50,Chokurdakh,RU,2021-04-18 23:32:47,70.6333,147.9167,10.09,91,93,13.0
51,Cherskiy,RU,2021-04-18 23:32:47,68.75,161.3,25.88,84,84,18.81
52,Isangel,VU,2021-04-18 23:32:48,-19.55,169.2667,84.2,70,75,11.5
53,Mehriz,IR,2021-04-18 23:32:48,31.5917,54.4318,62.6,31,0,2.3
54,Buala,SB,2021-04-18 23:32:48,-8.145,159.5921,86.02,68,58,5.26
55,Castro,BR,2021-04-18 23:32:49,-24.7911,-50.0119,57.33,97,47,5.17
56,Tuktoyaktuk,CA,2021-04-18 23:32:49,69.4541,-133.0374,35.6,75,1,14.97
57,Tasiilaq,GL,2021-04-18 23:32:50,65.6145,-37.6368,17.6,67,1,2.3
58,Phan Thiet,VN,2021-04-18 23:31:41,10.9333,108.1,78.64,78,92,1.36
59,Tabriz,IR,2021-04-18 23:32:51,38.08,46.2919,53.6,54,40,4.61
60,Vaini,TO,2021-04-18 23:32:51,-21.2,-175.2,80.6,78,40,9.22
61,Jamestown,US,2021-04-18 23:32:51,42.097,-79.2353,51.8,54,1,5.75
62,Lagoa,PT,2021-04-18 23:32:52,39.05,-27.9833,60.75,86,94,9.82
63,Mar Del Plata,AR,2021-04-18 23:28:41,-38.0023,-57.5575,69.01,82,0,5.75
64,Beira,MZ,2021-04-18 23:32:52,-19.8436,34.8389,75.0,73,40,6.67
65,Sukhumi,GE,2021-04-18 23:32:53,43.0033,41.0153,60.24,79,100,5.59
66,Yerbogachen,RU,2021-04-18 23:32:53,61.2767,108.0108,20.44,77,85,7.65
67,Portland,US,2021-04-18 23:28:10,45.5234,-122.6762,82.99,18,20,4.61
68,Roma,US,2021-04-18 23:32:54,43.2128,-75.4557,57.2,44,90,12.66
69,Port Alfred,ZA,2021-04-18 23:32:54,-33.5906,26.891,74.97,33,0,8.77
70,Atuona,PF,2021-04-18 23:30:55,-9.8,-139.0333,80.49,77,12,18.57
71,Cape Town,ZA,2021-04-18 23:32:55,-33.9258,18.4232,68.0,94,0,16.11
72,Hithadhoo,MV,2021-04-18 23:32:56,-0.6,73.0833,81.95,65,43,6.06
73,Richards Bay,ZA,2021-04-18 23:32:56,-28.783,32.0377,64.67,73,0,11.72
74,Dikson,RU,2021-04-18 23:28:30,73.5069,80.5464,-12.6,100,100,4.94
75,Upernavik,GL,2021-04-18 23:32:57,72.7868,-56.1549,2.64,91,99,4.92
76,Przhevalskoye,RU,2021-04-18 23:32:57,55.5093,31.8482,40.84,87,71,5.21
77,Vestmannaeyjar,IS,2021-04-18 23:32:58,63.4427,-20.2734,39.58,55,77,17.45
78,Armizonskoye,RU,2021-04-18 23:32:58,55.9461,67.6736,19.33,45,1,12.88
79,Barrow,US,2021-04-18 23:28:39,71.2906,-156.7887,26.6,74,1,11.5
80,Kibungo,RW,2021-04-18 23:32:59,-2.1597,30.5427,68.0,83,75,3.44
81,Trelew,AR,2021-04-18 23:32:59,-43.249,-65.3051,67.8,62,99,10.07
82,Pevek,RU,2021-04-18 23:33:00,69.7008,170.3133,25.81,89,100,9.28
83,San Cristobal,VE,2021-04-18 23:33:00,7.7669,-72.225,84.2,65,40,4.61
84,Puerto Penasco,MX,2021-04-18 23:33:00,31.3167,-113.5333,75.99,58,0,11.01
85,Havre-Saint-Pierre,CA,2021-04-18 23:29:52,50.2334,-63.5986,39.2,75,90,9.22
86,Pobe,BJ,2021-04-18 23:33:01,6.9801,2.6649,76.89,78,99,3.76
87,Barao De Melgaco,BR,2021-04-18 23:33:02,-16.1944,-55.9675,77.0,83,40,3.44
88,Samarskoye,RU,2021-04-18 23:33:02,46.9336,39.6814,51.01,76,88,4.0
89,Hilsa,IN,2021-04-18 23:29:24,25.3167,85.2833,73.4,31,0,3.44
90,Sendenhorst,DE,2021-04-18 23:33:03,51.8333,7.8333,51.01,87,100,6.02
91,Sembe,CG,2021-04-18 23:33:03,1.6481,14.5806,71.31,93,100,1.23
92,New Norfolk,AU,2021-04-18 23:33:04,-42.7826,147.0587,63.0,41,100,10.0
93,Katobu,ID,2021-04-18 23:33:04,-4.9408,122.5276,79.2,84,94,1.66
94,Rockport,US,2021-04-18 23:28:55,28.0206,-97.0544,66.2,52,90,4.61
95,Kruisfontein,ZA,2021-04-18 23:33:05,-34.0033,24.7314,66.99,42,3,1.99
96,Wilmington,US,2021-04-18 23:33:05,34.2257,-77.9447,69.01,68,1,4.61
97,Kloulklubed,PW,2021-04-18 23:33:06,7.0419,134.2556,77.0,94,75,4.61
98,Saint-Philippe,RE,2021-04-18 23:33:06,-21.3585,55.7679,77.0,78,90,13.8
99,Oriximina,BR,2021-04-18 23:33:07,-1.7656,-55.8661,73.09,95,100,6.17
100,North Bend,US,2021-04-18 23:32:12,43.4065,-124.2243,72.0,93,90,8.05
101,Ribeira Grande,PT,2021-04-18 23:33:08,38.5167,-28.7,61.84,83,78,6.6
102,Guerrero Negro,MX,2021-04-18 23:31:50,27.9769,-114.0611,65.25,67,2,19.04
103,Cartagena,CO,2021-04-18 23:32:03,10.3997,-75.5144,80.6,74,75,5.75
104,Chumikan,RU,2021-04-18 23:33:09,54.7183,135.315,30.52,94,100,13.58
105,Hermanus,ZA,2021-04-18 23:33:09,-34.4187,19.2345,64.0,90,86,6.11
106,Namibe,AO,2021-04-18 23:33:10,-15.1961,12.1522,81.27,67,5,1.92
107,Capoterra,IT,2021-04-18 23:33:10,39.1763,8.9718,46.0,93,0,4.61
108,Kaitangata,NZ,2021-04-18 23:28:50,-46.2817,169.8464,60.96,57,84,9.78
109,Sterling,US,2021-04-18 23:31:00,39.0062,-77.4286,60.8,44,75,4.61
110,Kieta,PG,2021-04-18 23:33:11,-6.2167,155.6333,87.3,62,52,3.49
111,Vaitape,PF,2021-04-18 23:33:12,-16.5167,-151.75,82.92,69,8,12.33
112,Udachnyy,RU,2021-04-18 23:31:05,66.4167,112.4,1.54,96,99,2.48
113,Mvuma,ZW,2021-04-18 23:33:12,-19.2792,30.5283,48.45,82,2,5.59
114,Rawson,AR,2021-04-18 23:33:13,-43.3002,-65.1023,66.52,70,100,13.11
115,Nome,US,2021-04-18 23:33:13,64.5011,-165.4064,39.99,65,90,8.05
116,Yarkovo,RU,2021-04-18 23:33:14,57.4028,67.0786,20.39,51,11,6.24
117,East London,ZA,2021-04-18 23:33:14,-33.0153,27.9116,74.7,30,0,6.26
118,Pangai,TO,2021-04-18 23:33:14,-19.8,-174.35,82.4,65,20,6.91
119,Alofi,NU,2021-04-18 23:33:15,-19.0595,-169.9187,80.6,78,32,8.05
120,Kisangani,CD,2021-04-18 23:33:16,0.5167,25.2,70.29,99,98,1.99
121,Kastamonu,TR,2021-04-18 23:33:16,41.5,33.6667,53.29,78,96,1.25
122,Ibiruba,BR,2021-04-18 23:33:16,-28.6275,-53.0897,63.73,86,18,12.08
123,Shumikha,RU,2021-04-18 23:33:17,55.2261,63.2961,24.49,45,0,8.88
124,Geraldton,AU,2021-04-18 23:31:10,-28.7667,114.6,57.2,72,0,10.36
125,Mankera,PK,2021-04-18 23:33:17,31.3866,71.4407,75.04,47,72,7.11
126,Upington,ZA,2021-04-18 23:33:18,-28.4478,21.2561,69.8,40,0,9.22
127,Mount Gambier,AU,2021-04-18 23:33:18,-37.8333,140.7667,55.4,100,75,9.22
128,Ancud,CL,2021-04-18 23:33:19,-41.8697,-73.8203,55.4,100,90,14.97
129,Salinopolis,BR,2021-04-18 23:33:19,-0.6136,-47.3561,77.11,85,100,3.89
130,Faanui,PF,2021-04-18 23:33:20,-16.4833,-151.75,82.92,69,7,12.41
131,Broome,US,2021-04-18 23:33:20,42.2506,-75.833,51.01,57,75,6.91
132,Saint-Leu,RE,2021-04-18 23:33:20,-21.15,55.2833,77.0,78,90,13.8
133,Requena,ES,2021-04-18 23:33:21,39.4883,-1.1004,48.99,76,0,8.05
134,Vila Franca Do Campo,PT,2021-04-18 23:33:21,37.7167,-25.4333,57.2,82,20,2.3
135,The Valley,AI,2021-04-18 23:33:21,18.217,-63.0578,80.6,78,20,11.5
136,Avera,US,2021-04-18 23:33:22,33.194,-82.5271,73.4,38,1,4.61
137,Evanston,US,2021-04-18 23:32:48,42.0411,-87.6901,61.0,27,90,6.91
138,Ghiror,IN,2021-04-18 23:33:23,27.1833,78.8,77.2,24,18,3.29
139,Sao Filipe,CV,2021-04-18 23:33:23,14.8961,-24.4956,73.22,71,60,8.52
140,Beboto,TD,2021-04-18 23:33:24,8.2668,16.939,83.39,50,66,7.07
141,Jiazi,CN,2021-04-18 23:33:24,22.8779,116.067,67.26,63,90,16.13
142,Sao Francisco,BR,2021-04-18 23:33:25,-15.9486,-44.8644,75.42,48,16,3.09
143,Omboue,GA,2021-04-18 23:29:21,-1.5746,9.2618,79.09,84,98,4.45
144,Chuy,UY,2021-04-18 23:33:25,-33.6971,-53.4616,62.94,78,0,7.31
145,Padang,ID,2021-04-18 23:32:13,-0.9492,100.3543,76.95,85,31,3.29
146,Chongwe,ZM,2021-04-18 23:28:32,-15.3292,28.682,53.6,94,0,4.61
147,Avarua,CK,2021-04-18 23:33:26,-21.2078,-159.775,84.2,74,20,16.11
148,Lorengau,PG,2021-04-18 23:33:26,-2.0226,147.2712,81.77,76,100,9.6
149,Carnarvon,AU,2021-04-18 23:33:27,-24.8667,113.6333,76.3,69,0,17.87
150,Bud,US,2021-04-18 23:33:27,39.447,-86.1758,57.0,57,92,5.08
151,Rudbar,AF,2021-04-18 23:33:28,30.15,62.6,75.07,18,100,4.16
152,Kavaratti,IN,2021-04-18 23:33:28,10.5669,72.642,83.21,72,89,4.65
153,Port Hardy,CA,2021-04-18 23:28:59,50.6996,-127.4199,68.0,42,1,4.61
154,Nanortalik,GL,2021-04-18 23:33:29,60.1432,-45.2371,29.03,59,18,9.91
155,Savonlinna,FI,2021-04-18 23:33:29,61.8699,28.88,30.2,86,0,1.14
156,Allapalli,IN,2021-04-18 23:33:29,19.4167,80.0667,81.48,53,49,3.29
157,Banjar,ID,2021-04-18 23:33:30,-8.19,114.9675,78.8,94,40,2.3
158,Zyryanka,RU,2021-04-18 23:31:24,65.75,150.85,27.57,64,29,6.02
159,Aksay,RU,2021-04-18 23:33:30,47.26,39.87,51.01,76,40,4.47
160,San Patricio,US,2021-04-18 23:33:31,28.017,-97.5169,66.2,52,90,4.61
161,Elko,US,2021-04-18 23:30:12,41.0002,-115.5012,66.2,13,1,10.36
162,Faya,SA,2021-04-18 23:33:31,18.3851,42.4509,64.4,20,0,8.05
163,Tiksi,RU,2021-04-18 23:28:40,71.6872,128.8694,8.78,86,100,12.15
164,Fomboni,KM,2021-04-18 23:33:32,-12.28,43.7425,80.73,79,8,11.36
165,Aklavik,CA,2021-04-18 23:33:32,68.2191,-135.0107,48.2,37,22,8.05
166,Comodoro Rivadavia,AR,2021-04-18 23:30:34,-45.8667,-67.5,71.6,33,0,12.66
167,Ponta Do Sol,PT,2021-04-18 23:33:33,32.6667,-17.1,60.01,73,7,1.99
168,Kodiak,US,2021-04-18 23:33:33,57.79,-152.4072,48.2,71,90,9.22
169,Gallup,US,2021-04-18 23:33:34,35.5281,-108.7426,52.0,35,90,12.66
170,Lazurne,UA,2021-04-18 23:33:34,46.084,32.5295,48.99,100,99,3.76
171,Dingle,PH,2021-04-18 23:33:35,10.9995,122.6711,79.7,73,100,2.84
172,Marawi,PH,2021-04-18 23:33:35,7.9986,124.2928,79.0,76,93,5.01
173,Bandarbeyla,SO,2021-04-18 23:33:35,9.4942,50.8122,81.36,80,21,9.51
174,Hasaki,JP,2021-04-18 23:33:36,35.7333,140.8333,59.0,33,0,12.66
175,Brownsville,US,2021-04-18 23:30:54,25.9018,-97.4975,66.2,52,90,12.66
176,Litovko,RU,2021-04-18 23:33:36,49.2361,135.1742,49.8,52,38,6.69
177,Boguchany,RU,2021-04-18 23:33:37,58.3814,97.4531,28.94,83,87,8.84
178,Bethel,US,2021-04-18 23:33:37,41.3712,-73.414,59.0,38,90,8.05
179,Sur,OM,2021-04-18 23:33:37,22.5667,59.5289,81.45,54,97,4.03
180,Elbrus,RU,2021-04-18 23:33:38,43.2577,42.6443,43.77,98,100,5.64
181,Itororo,BR,2021-04-18 23:33:38,-15.1169,-40.0703,70.79,91,74,5.06
182,Cidreira,BR,2021-04-18 23:33:39,-30.1811,-50.2056,70.59,72,43,11.68
183,Dolores,AR,2021-04-18 23:33:39,-36.3132,-57.6792,60.21,90,91,7.36
184,Waingapu,ID,2021-04-18 23:33:39,-9.6567,120.2641,78.71,75,94,5.61
185,Bengkulu,ID,2021-04-18 23:33:40,-3.8004,102.2655,74.93,87,97,3.74
186,Sambava,MG,2021-04-18 23:33:40,-14.2667,50.1667,75.87,89,98,14.29
187,Hervey Bay,AU,2021-04-18 23:33:41,-25.2986,152.8535,73.0,72,0,4.0
188,Port Elizabeth,ZA,2021-04-18 23:33:41,-33.918,25.5701,69.8,40,0,14.97
189,Hualmay,PE,2021-04-18 23:29:37,-11.0964,-77.6139,68.99,82,71,8.75
190,Laranja Da Terra,BR,2021-04-18 23:33:42,-19.8989,-41.0567,68.47,91,13,3.06
191,Poum,NC,2021-04-18 23:33:43,-20.2333,164.0167,78.91,75,98,3.85
192,Dunnville,CA,2021-04-18 23:33:43,42.9001,-79.6163,52.0,76,86,6.91
193,Waipawa,NZ,2021-04-18 23:33:43,-41.4122,175.5153,66.2,55,86,18.41
194,Batagay-Alyta,RU,2021-04-18 23:33:44,67.8006,130.4114,10.87,89,100,3.8
195,Asau,RO,2021-04-18 23:33:44,46.4333,26.4,42.01,65,100,1.97
196,Lazaro Cardenas,MX,2021-04-18 23:28:49,17.9583,-102.2,82.06,46,0,11.1
197,Kudahuvadhoo,MV,2021-04-18 23:33:45,2.6708,72.8944,82.76,62,81,8.7
198,Pembroke,CA,2021-04-18 23:33:45,45.8168,-77.1162,48.2,81,75,3.44
199,Xining,CN,2021-04-18 23:33:46,36.6167,101.7667,39.13,89,100,4.32
200,Kahului,US,2021-04-18 23:33:46,20.8947,-156.47,78.8,78,40,14.97
201,Lata,PT,2021-04-18 23:29:35,40.1629,-8.3327,57.99,75,100,0.18
202,Thompson,CA,2021-04-18 23:33:47,55.7435,-97.8558,28.4,40,40,12.66
203,Lexington,US,2021-04-18 23:30:56,37.9887,-84.4777,60.01,47,75,5.75
204,Basti,IN,2021-04-18 23:33:48,26.8,82.7167,77.38,25,0,7.94
205,Mahenge,TZ,2021-04-18 23:33:48,-8.6833,36.7167,62.1,78,97,3.2
206,Singaraja,ID,2021-04-18 23:33:48,-8.112,115.0882,80.46,76,49,3.74
207,Kupang,ID,2021-04-18 23:33:49,-10.1667,123.5833,79.65,73,40,6.15
208,Yambio,SS,2021-04-18 23:33:49,4.5721,28.3955,70.66,81,73,4.45
209,Ilulissat,GL,2021-04-18 23:33:49,69.2167,-51.1,12.2,44,54,12.66
210,Longyan,CN,2021-04-18 23:29:49,25.1072,117.0225,61.23,95,100,2.3
211,Kuching,MY,2021-04-18 23:33:50,1.55,110.3333,75.2,94,20,2.06
212,Porto Novo,BJ,2021-04-18 23:30:37,6.4965,2.6036,75.2,94,20,8.05
213,Krechevitsy,RU,2021-04-18 23:33:51,58.617,31.401,41.02,83,82,6.02
214,Panzhihua,CN,2021-04-18 23:33:51,26.5851,101.7128,65.14,54,0,1.41
215,Luganville,VU,2021-04-18 23:33:52,-15.5333,167.1667,85.41,68,68,6.42
216,Kaka,TM,2021-04-18 23:33:52,37.3482,59.6143,65.86,33,8,5.84
217,Tamworth,GB,2021-04-18 23:31:05,52.634,-1.6959,45.0,66,40,1.01
218,Jacareacanga,BR,2021-04-18 23:33:52,-6.2222,-57.7528,72.93,98,94,2.17
219,Bubaque,GW,2021-04-18 23:33:53,11.2833,-15.8333,76.96,73,61,12.62
220,Shizilu,CN,2021-04-18 23:33:53,35.1711,118.8289,56.17,46,3,7.43
221,Pyapon,MM,2021-04-18 23:33:54,16.2833,95.6833,78.73,79,0,4.7
222,Lodja,CD,2021-04-18 23:33:54,-3.4833,23.4333,71.62,98,100,1.83
223,Shawnee,US,2021-04-18 23:33:55,39.05,-95.7669,61.0,31,20,9.22
224,Martapura,ID,2021-04-18 23:33:55,-3.4167,114.85,73.4,94,20,4.61
225,Souillac,MU,2021-04-18 23:33:55,-20.5167,57.5167,78.8,89,75,12.66
226,Husavik,IS,2021-04-18 23:33:56,66.0449,-17.3389,37.4,52,40,24.16
227,Bilma,NE,2021-04-18 23:33:56,18.6853,12.9164,84.97,7,46,7.72
228,Pandamatenga,BW,2021-04-18 23:33:57,-18.5278,25.627,56.19,79,0,6.08
229,Vikhorevka,RU,2021-04-18 23:33:57,56.1201,101.1636,23.0,58,82,8.95
230,Gamba,GA,2021-04-18 23:33:57,-2.65,10.0,77.43,89,100,3.87
231,Shelburne,CA,2021-04-18 23:30:11,44.0787,-80.2041,51.01,57,1,9.22
232,Fairbanks,US,2021-04-18 23:33:58,64.8378,-147.7164,60.8,20,20,4.61
233,Nakama,JP,2021-04-18 23:33:58,33.8167,130.7,57.99,82,20,3.44
234,Urzhum,RU,2021-04-18 23:33:59,57.1141,49.9996,30.25,68,93,12.68
235,Bonoua,CI,2021-04-18 23:33:59,5.2741,-3.595,84.2,84,40,4.61
236,Provideniya,RU,2021-04-18 23:34:00,64.3833,-173.3,30.2,69,0,4.32
237,Pisco,PE,2021-04-18 23:34:00,-13.7,-76.2167,68.0,83,0,13.8
238,Talnakh,RU,2021-04-18 23:34:01,69.4865,88.3972,-13.76,90,67,2.1
239,San Ignacio,BZ,2021-04-18 23:34:01,17.1561,-89.0714,95.0,52,20,6.91
240,Kalmar,SE,2021-04-18 23:34:02,56.6616,16.3616,41.0,81,94,6.91
241,Ginir,ET,2021-04-18 23:34:02,7.1333,40.7,57.27,92,100,2.17
242,Sassandra,CI,2021-04-18 23:34:02,4.95,-6.0833,79.7,83,97,5.59
243,Bonfim,BR,2021-04-18 23:34:03,3.0833,-59.95,80.58,60,90,7.76
244,Yantal,RU,2021-04-18 23:34:03,56.8471,105.2542,26.28,67,25,5.41
245,Bodden Town,KY,2021-04-18 23:34:04,19.2833,-81.25,82.4,78,40,12.66
246,Dale,US,2021-04-18 23:34:04,38.1689,-86.99,57.2,67,90,8.05
247,Devgarh,IN,2021-04-18 23:34:04,25.5333,73.9,76.55,23,21,7.2
248,Katangli,RU,2021-04-18 23:34:05,51.7102,143.2326,31.06,98,100,24.85
249,Bulgan,MN,2021-04-18 23:34:05,48.8125,103.5347,37.11,49,2,2.59
250,Saint-Joseph,RE,2021-04-18 23:34:06,-21.3667,55.6167,75.2,78,90,13.8
251,Longyearbyen,SJ,2021-04-18 23:34:06,78.2186,15.6401,28.4,93,90,13.8
252,Saskylakh,RU,2021-04-18 23:34:06,71.9167,114.0833,4.62,91,97,9.44
253,Kaeo,NZ,2021-04-18 23:34:07,-35.1,173.7833,65.3,52,74,5.12
254,Leirvik,NO,2021-04-18 23:34:07,59.7798,5.5005,44.01,69,2,5.84
255,Mareeba,AU,2021-04-18 23:34:08,-17.0,145.4333,75.2,100,90,10.36
256,Margate,GB,2021-04-18 23:34:08,51.3813,1.3862,43.0,84,31,1.99
257,Sheltozero,RU,2021-04-18 23:34:08,61.3667,35.3667,28.8,87,2,4.72
258,Itarema,BR,2021-04-18 23:34:09,-2.9248,-39.9167,77.83,83,99,8.43
259,Hamilton,US,2021-04-18 23:33:18,39.1834,-84.5333,62.01,29,1,5.75
260,Tarauaca,BR,2021-04-18 23:34:09,-8.1614,-70.7656,74.32,95,71,2.91
261,Khatanga,RU,2021-04-18 23:34:10,71.9667,102.5,-1.84,96,96,8.7
262,Ixtahuacan,GT,2021-04-18 23:34:10,15.4167,-91.7667,59.0,94,40,5.12
263,Saldanha,ZA,2021-04-18 23:34:11,-33.0117,17.9442,62.6,88,52,9.22
264,Hurghada,EG,2021-04-18 23:34:11,27.2574,33.8129,77.0,61,0,4.52
265,Horta,PT,2021-04-18 23:34:11,38.5333,-28.6333,60.89,84,80,7.09
266,Codrington,AU,2021-04-18 23:34:12,-38.2667,141.9667,61.07,72,58,13.38
267,San Carlos De Bariloche,AR,2021-04-18 23:30:42,-41.1456,-71.3082,55.4,71,75,18.41
268,Adrar,MR,2021-04-18 23:34:12,20.5022,-10.0711,77.81,10,59,7.83
269,Coihaique,CL,2021-04-18 23:32:33,-45.5752,-72.0662,53.6,94,90,6.91
270,Hun,LY,2021-04-18 23:34:13,29.1268,15.9477,62.51,70,78,12.77
271,Vila Velha,BR,2021-04-18 23:29:23,-20.3297,-40.2925,77.0,88,0,6.91
272,Fare,PF,2021-04-18 23:34:14,-16.7,-151.0167,82.49,70,1,11.07
273,Melo,UY,2021-04-18 23:34:14,-32.3667,-54.1833,60.49,91,0,9.22
274,Visby,SE,2021-04-18 23:34:15,57.6409,18.296,39.99,87,20,6.91
275,Hirara,JP,2021-04-18 23:34:15,24.8,125.2833,68.0,68,75,13.8
276,Agadez,NE,2021-04-18 23:34:15,19.75,10.25,83.43,6,69,5.01
277,Makakilo City,US,2021-04-18 23:34:16,21.3469,-158.0858,84.2,45,1,8.05
278,Whitehorse,CA,2021-04-18 23:34:16,60.7161,-135.0538,53.6,26,1,9.22
279,Esperance,AU,2021-04-18 23:34:17,-33.8667,121.9,53.6,87,0,6.91
280,Thinadhoo,MV,2021-04-18 23:34:17,0.5333,72.9333,82.33,63,83,7.29
281,Vao,NC,2021-04-18 23:34:18,-22.6667,167.4833,77.31,79,84,12.86
282,Viisoara,RO,2021-04-18 23:34:18,46.55,23.9167,45.0,93,75,3.44
283,Haines Junction,CA,2021-04-18 23:30:01,60.7522,-137.5108,59.0,20,21,3.44
284,Nong Ki,TH,2021-04-18 23:34:19,14.6868,102.538,81.0,100,20,5.55
285,Aranda De Duero,ES,2021-04-18 23:34:19,41.6704,-3.6892,44.55,56,100,2.28
286,Ayan,RU,2021-04-18 23:34:20,56.45,138.1667,30.72,94,100,10.29
287,Bosaso,SO,2021-04-18 23:34:20,11.2842,49.1816,81.59,76,79,1.05
288,Metro,ID,2021-04-18 23:34:20,-5.1131,105.3067,75.83,89,79,3.29
289,Bonavista,CA,2021-04-18 23:34:21,48.6499,-53.1147,37.4,100,100,5.75
290,Sao Joao Da Barra,BR,2021-04-18 23:34:21,-21.6403,-41.0511,75.6,83,57,5.55
291,Wukari,NG,2021-04-18 23:29:28,7.85,9.7833,82.76,61,72,7.72
292,Borborema,BR,2021-04-18 23:34:22,-21.6197,-49.0736,68.63,82,21,6.58
293,Marsa Matruh,EG,2021-04-18 23:34:22,31.3525,27.2453,77.0,29,75,8.05
294,Ahipara,NZ,2021-04-18 23:34:23,-35.1667,173.1667,65.32,52,84,4.79
295,Olafsvik,IS,2021-04-18 23:34:23,64.8945,-23.7142,34.95,60,97,12.71
296,Langenburg,DE,2021-04-18 23:34:23,49.2544,9.8458,42.8,81,90,3.44
297,Port Hueneme,US,2021-04-18 23:31:53,34.1478,-119.1951,78.8,59,1,19.57
298,Mahebourg,MU,2021-04-18 23:34:24,-20.4081,57.7,78.8,89,75,12.66
299,Kedrovyy,RU,2021-04-18 23:34:24,56.1667,91.8167,32.0,86,75,8.95
300,Rundu,NA,2021-04-18 23:34:25,-17.9333,19.7667,59.88,54,0,6.44
301,Visegrad,BA,2021-04-18 23:34:25,43.7847,19.2992,36.0,100,90,1.14
302,Obzor,BG,2021-04-18 23:34:25,42.8167,27.8833,48.2,76,90,4.61
303,Mwense,ZM,2021-04-18 23:34:13,-10.3845,28.698,61.16,88,12,5.08
304,Raga,SS,2021-04-18 23:34:26,8.4596,25.678,79.77,44,98,4.45
305,Ust-Barguzin,RU,2021-04-18 23:34:26,53.45,108.9833,25.21,65,100,4.5
306,Buluang,PH,2021-04-18 23:34:27,13.3068,123.3425,74.52,93,100,17.94
307,Buraydah,SA,2021-04-18 23:34:27,26.326,43.975,71.6,35,0,4.61
308,Coquimbo,CL,2021-04-18 23:34:28,-29.9533,-71.3436,57.2,88,90,4.61
309,Sundsvall,SE,2021-04-18 23:34:28,62.3913,17.3063,28.4,93,4,2.3
310,Warrensburg,US,2021-04-18 23:31:36,38.7628,-93.7361,59.0,44,90,5.75
311,Bezenchuk,RU,2021-04-18 23:34:29,52.982,49.4333,45.95,66,95,14.99
312,Hetauda,NP,2021-04-18 23:34:29,27.4284,85.0322,53.6,94,20,2.3
313,Kantang,TH,2021-04-18 23:34:30,7.4054,99.5156,75.2,100,40,2.33
314,Nagato,JP,2021-04-18 23:31:21,34.3833,131.2,53.6,71,20,5.75
315,Blythe,US,2021-04-18 23:30:48,33.6103,-114.5964,87.8,5,1,20.71
316,Zhuhai,CN,2021-04-18 23:34:30,22.2769,113.5678,71.6,73,40,17.27
317,Tsagan Aman,RU,2021-04-18 23:34:31,47.5639,46.7218,57.38,62,98,4.61
318,Manggar,ID,2021-04-18 23:34:32,-2.8833,108.2667,81.48,72,87,3.18
319,Banda Aceh,ID,2021-04-18 23:34:32,5.5577,95.3222,79.93,80,90,11.77
320,Coria,ES,2021-04-18 23:34:32,39.9879,-6.5377,51.75,58,99,1.59
321,Melito Di Porto Salvo,IT,2021-04-18 23:34:33,37.9222,15.7714,52.0,81,75,3.44
322,Leogane,HT,2021-04-18 23:34:33,18.5108,-72.6339,86.0,62,40,6.91
323,Nago,JP,2021-04-18 23:34:34,26.5881,127.9761,66.2,68,40,8.05
324,Lasa,IT,2021-04-18 23:34:34,46.6166,10.7002,41.0,69,0,5.75
325,Mikuni,JP,2021-04-18 23:34:34,36.2171,136.1519,50.0,76,75,4.61
326,Gleisdorf,AT,2021-04-18 23:34:35,47.1061,15.7127,41.0,16,100,3.42
327,Pimenta Bueno,BR,2021-04-18 23:34:35,-11.6725,-61.1936,73.76,96,100,2.15
328,Santa Cruz,BO,2021-04-18 23:34:35,-17.8,-63.1667,72.03,89,35,4.38
329,Sohag,EG,2021-04-18 23:34:36,26.557,31.6948,77.0,29,0,3.44
330,Chimbote,PE,2021-04-18 23:34:36,-9.0853,-78.5783,68.11,83,27,7.16
331,Georgetown,MY,2021-04-18 23:32:55,5.4112,100.3354,81.0,94,20,2.3
332,George,ZA,2021-04-18 23:34:37,-33.963,22.4617,62.6,45,20,8.05
333,Hohhot,CN,2021-04-18 23:34:37,40.8106,111.6522,41.0,52,0,4.47
334,Saint-Pierre,RE,2021-04-18 23:34:38,-21.3393,55.4781,75.2,78,90,13.8
335,Westport,US,2021-04-18 23:30:55,41.1415,-73.3579,55.99,71,90,9.22
336,Nara,JP,2021-04-18 23:32:05,34.6851,135.8049,55.99,62,20,9.22
337,Ponta Delgada,PT,2021-04-18 23:34:38,37.7333,-25.6667,57.2,82,20,2.3
338,Iqaluit,CA,2021-04-18 23:33:08,63.7506,-68.5145,19.4,73,20,2.3
339,Hambantota,LK,2021-04-18 23:34:39,6.1241,81.1185,78.48,84,38,9.69
340,Maumere,ID,2021-04-18 23:34:39,-8.6199,122.2111,81.88,70,89,6.58
341,Tilichiki,RU,2021-04-18 23:34:40,60.4667,166.1,31.37,95,92,2.15
342,Te Anau,NZ,2021-04-18 23:34:40,-45.4167,167.7167,55.63,79,98,7.76
343,Deer Lake,CA,2021-04-18 23:34:41,49.1667,-57.4316,37.4,93,90,17.27
344,Maltahohe,NA,2021-04-18 23:34:41,-24.8333,16.9833,62.33,61,69,5.26
345,Labuhan,ID,2021-04-18 23:34:41,-6.8844,112.2051,78.44,82,88,5.08
346,Leh,IN,2021-04-18 23:31:19,34.1667,77.5833,27.88,69,94,4.34
347,Ugoofaaru,MV,2021-04-18 23:34:42,5.6667,73.0,83.89,70,100,7.85
348,Anchorage,US,2021-04-18 23:34:42,61.2181,-149.9003,53.6,32,1,5.75
349,Kargat,RU,2021-04-18 23:34:43,55.1956,80.2811,17.46,73,100,20.96
350,Ostrovnoy,RU,2021-04-18 23:34:43,68.0531,39.5131,30.16,81,99,19.71
351,Tabuk,PH,2021-04-18 23:34:44,17.4189,121.4443,73.83,74,66,12.48
352,Akdepe,TM,2021-04-18 23:34:44,42.0551,59.3788,62.6,44,0,4.61
353,Olbernhau,DE,2021-04-18 23:34:44,50.6667,13.3333,44.01,94,96,1.01
354,Fort Nelson,CA,2021-04-18 23:34:45,58.8053,-122.7002,51.8,24,20,2.3
355,Botwood,CA,2021-04-18 23:34:45,49.1499,-55.3482,39.99,91,100,1.99
356,Nisporeni,MD,2021-04-18 23:34:46,47.0814,28.1783,46.4,81,0,3.44
357,Bambous Virieux,MU,2021-04-18 23:34:46,-20.3428,57.7575,78.8,89,75,12.66
358,Pierre,US,2021-04-18 23:34:46,44.3683,-100.351,51.8,43,20,29.93
359,Acarau,BR,2021-04-18 23:34:47,-2.8856,-40.12,78.28,82,100,9.55
360,Kulhudhuffushi,MV,2021-04-18 23:34:47,6.6221,73.07,83.89,72,84,6.73
361,La Macarena,CO,2021-04-18 23:34:47,2.1837,-73.7849,73.69,96,100,2.91
362,Petropavlovsk-Kamchatskiy,RU,2021-04-18 23:34:48,53.0452,158.6483,39.2,60,100,15.66
363,Bedele,ET,2021-04-18 23:34:48,8.456,36.353,57.96,66,74,2.73
364,Sao Domingos,BR,2021-04-18 23:34:49,-13.3983,-46.3183,71.02,80,82,3.38
365,Shemonaikha,KZ,2021-04-18 23:34:49,50.6328,81.9056,44.08,87,89,11.1
366,Rio Grande,BR,2021-04-18 23:34:49,-32.035,-52.0986,66.0,78,28,12.75
367,Sainte-Anne-Des-Monts,CA,2021-04-18 23:34:50,49.124,-66.4924,35.6,87,62,3.44
368,Santander Jimenez,MX,2021-04-18 23:34:50,24.2167,-98.4667,67.64,41,95,15.7
369,Salamanca,ES,2021-04-18 23:34:51,40.8333,-6.0,52.0,68,100,4.45
370,Paamiut,GL,2021-04-18 23:34:51,61.994,-49.6678,27.5,75,100,13.27
371,Saint George,US,2021-04-18 23:31:02,37.1041,-113.5841,75.0,9,1,8.05
372,Fukue,JP,2021-04-18 23:34:52,32.6881,128.8419,57.2,54,0,11.5
373,Yarmouth,US,2021-04-18 23:34:52,41.7057,-70.2286,53.6,62,90,10.36
374,Yumen,CN,2021-04-18 23:34:53,40.2833,97.2,51.03,33,94,8.32
375,San Jose,US,2021-04-18 23:32:56,37.3394,-121.895,86.0,20,1,14.97
376,Chipinge,ZW,2021-04-18 23:34:53,-20.1883,32.6236,50.65,95,16,3.71
377,Yaan,NG,2021-04-18 23:34:54,7.3833,8.5667,78.94,71,100,8.75
378,Panaba,MX,2021-04-18 23:34:54,21.2833,-88.2667,81.84,70,60,3.18
379,Rehau,DE,2021-04-18 23:34:54,50.25,12.0333,41.0,96,96,3.0
380,Ostersund,SE,2021-04-18 23:34:55,63.1792,14.6357,44.6,36,3,9.22
381,Eureka,US,2021-04-18 23:34:55,40.8021,-124.1637,54.0,93,90,9.22
382,La Ronge,CA,2021-04-18 23:34:56,55.1001,-105.2842,39.2,28,80,12.66
383,Calabozo,VE,2021-04-18 23:34:56,8.9242,-67.4293,88.23,33,100,4.27
384,Lakatoro,VU,2021-04-18 23:34:57,-16.0999,167.4164,84.69,69,76,7.96
385,Houma,US,2021-04-18 23:34:57,29.5958,-90.7195,66.99,68,1,5.75
386,Sao Miguel Do Araguaia,BR,2021-04-18 23:34:57,-13.275,-50.1628,73.71,88,96,2.33
387,Quito,EC,2021-04-18 23:33:49,-0.2299,-78.5249,59.0,82,75,10.36
388,Acapulco,MX,2021-04-18 23:34:58,16.8634,-99.8901,84.2,54,20,11.5
389,Shimoda,JP,2021-04-18 23:34:58,34.6667,138.95,63.0,48,0,3.44
390,Hofn,IS,2021-04-18 23:30:00,64.2539,-15.2082,39.27,69,6,19.01
391,Bilibino,RU,2021-04-18 23:30:07,68.0546,166.4372,26.1,87,100,15.39
392,Suratgarh,IN,2021-04-18 23:34:59,29.3167,73.9,78.24,29,13,7.23
393,Beidao,CN,2021-04-18 23:32:17,34.5686,105.8933,48.0,48,71,3.0
394,Tabou,CI,2021-04-18 23:35:00,4.423,-7.3528,80.49,80,92,6.58
395,Yinchuan,CN,2021-04-18 23:35:00,38.4681,106.2731,58.75,14,91,4.63
396,Sindor,RU,2021-04-18 23:35:01,62.8629,51.8905,24.46,75,20,0.6
397,Russell,US,2021-04-18 23:35:01,32.3502,-85.1999,73.4,35,20,8.05
398,Marshfield,US,2021-04-18 23:35:01,44.6689,-90.1718,59.0,30,1,9.22
399,Koygorodok,RU,2021-04-18 23:35:02,60.445,50.9968,26.17,78,6,3.8
400,Sinor,IN,2021-04-18 23:35:02,21.9167,73.3333,83.44,32,0,4.07
401,Tiarei,PF,2021-04-18 23:35:03,-17.5333,-149.3333,87.8,62,20,8.05
402,Cururupu,BR,2021-04-18 23:35:04,-1.8283,-44.8683,74.5,97,92,2.46
403,Wuda,CN,2021-04-18 23:35:04,39.4994,106.7117,59.85,11,100,0.67
404,Boyolangu,ID,2021-04-18 23:35:04,-8.1181,111.8935,76.59,87,92,1.79
405,Novikovo,RU,2021-04-18 23:35:05,51.1537,37.8879,44.85,88,100,5.37
406,Peruibe,BR,2021-04-18 23:35:05,-24.32,-46.9983,70.02,90,81,5.37
407,Los Llanos De Aridane,ES,2021-04-18 23:35:06,28.6585,-17.9182,66.2,68,20,11.5
408,Lunenburg,CA,2021-04-18 23:35:06,44.3835,-64.3155,43.0,81,100,19.57
409,Shingu,JP,2021-04-18 23:35:06,33.7333,135.9833,53.6,66,20,10.36
410,Pingliang,CN,2021-04-18 23:30:10,35.5392,106.6861,48.0,48,12,3.0
411,Voh,NC,2021-04-18 23:35:07,-20.9667,164.7,83.03,65,98,2.08
412,Paita,PE,2021-04-18 23:35:07,-5.0892,-81.1144,70.18,81,76,10.71
413,Arlit,NE,2021-04-18 23:35:08,18.7369,7.3853,84.79,6,62,7.29
414,Ushumun,RU,2021-04-18 23:35:08,52.7833,126.5333,32.07,44,73,20.02
415,Belaya Gora,RU,2021-04-18 23:35:09,68.5333,146.4167,16.75,83,38,5.91
416,Kumluca,TR,2021-04-18 23:35:09,36.3703,30.2869,72.19,37,100,7.02
417,Vilcun,CL,2021-04-18 23:35:10,-38.65,-72.2333,64.4,72,0,6.91
418,Yaring,TH,2021-04-18 23:33:01,6.8662,101.3689,78.3,83,100,5.7
419,Segezha,RU,2021-04-18 23:35:10,63.7415,34.3222,28.02,92,10,3.67
420,Havoysund,NO,2021-04-18 23:35:11,70.9963,24.6622,33.8,69,0,1.14
421,Khairpur Nathan Shah,PK,2021-04-18 23:35:11,27.0936,67.7337,87.06,23,43,7.81
422,Kassala,SD,2021-04-18 23:35:11,15.451,36.4,85.55,29,2,6.02
423,Tuatapere,NZ,2021-04-18 23:35:12,-46.1333,167.6833,60.01,76,80,3.0
424,Revin,FR,2021-04-18 23:35:12,49.9404,4.635,46.0,87,40,5.75
425,Ketchikan,US,2021-04-18 23:35:12,55.3422,-131.6461,71.6,24,1,11.5
426,Romitan,UZ,2021-04-18 23:35:13,39.9343,64.3814,57.2,67,0,4.61
427,Kavieng,PG,2021-04-18 23:35:13,-2.5744,150.7967,84.27,70,96,6.78
428,Balkanabat,TM,2021-04-18 23:35:14,39.5108,54.3671,71.58,28,65,7.18
429,Nowa Ruda,PL,2021-04-18 23:35:14,50.5801,16.5016,41.0,90,100,2.48
430,Villacarrillo,ES,2021-04-18 23:35:14,38.1156,-3.0848,48.18,39,98,3.06
431,Chauk,MM,2021-04-18 23:35:15,20.8833,94.8167,81.41,52,1,6.22
432,Bac Lieu,VN,2021-04-18 23:35:15,9.285,105.7244,81.16,76,92,4.38
433,Esil,KZ,2021-04-18 23:35:15,51.9556,66.4042,28.13,57,6,17.65
434,Tonj,SS,2021-04-18 23:35:16,7.2737,28.6822,82.29,48,81,4.03
435,Maldonado,UY,2021-04-18 23:31:57,-34.6667,-54.9167,68.0,83,20,10.36
436,Namatanai,PG,2021-04-18 23:35:16,-3.6667,152.4333,85.64,67,94,4.65
437,Luwingu,ZM,2021-04-18 23:35:17,-10.2621,29.9271,59.59,88,90,7.92
438,Oranjemund,NA,2021-04-18 23:35:17,-28.55,16.4333,68.05,60,60,3.15
439,Vila,PT,2021-04-18 23:35:18,42.0304,-8.1588,55.99,64,100,2.62
440,San Rafael,AR,2021-04-18 23:35:18,-34.6177,-68.3301,74.75,55,51,11.63
441,Simbakoro,SL,2021-04-18 23:35:18,8.6,-11.0167,71.51,97,77,2.73
442,Keshorai Patan,IN,2021-04-18 23:35:19,25.3,75.9333,82.58,18,16,1.5
443,Torbay,CA,2021-04-18 23:35:20,47.6666,-52.7314,37.0,100,90,10.36
444,Flinders,AU,2021-04-18 23:35:20,-34.5833,150.8552,63.0,74,5,1.01
445,Noumea,NC,2021-04-18 23:35:21,-22.2763,166.4572,82.4,69,0,3.44
446,Salalah,OM,2021-04-18 23:35:21,17.0151,54.0924,78.8,73,0,3.44
447,Berbera,SO,2021-04-18 23:35:21,10.4396,45.0143,80.33,80,100,5.19
448,Turbat,PK,2021-04-18 23:34:10,26.0023,63.044,76.96,40,84,2.77
449,Chaiyaphum,TH,2021-04-18 23:35:22,15.75,102.0,81.25,67,84,4.81
450,Saint Anthony,US,2021-04-18 23:35:22,45.0205,-93.218,60.8,62,90,19.57
451,Port Macquarie,AU,2021-04-18 23:31:33,-31.4333,152.9167,66.99,70,1,1.01
452,Nhulunbuy,AU,2021-04-18 23:35:23,-12.2333,136.7667,84.2,70,100,8.05
453,Awbari,LY,2021-04-18 23:35:24,26.5921,12.7805,72.16,28,62,16.37
454,Dafeng,CN,2021-04-18 23:35:24,23.4517,108.5881,66.99,98,100,2.1
455,Povolzhskiy,RU,2021-04-18 23:35:24,53.5854,49.7629,42.8,52,0,8.95
456,Tsiroanomandidy,MG,2021-04-18 23:35:25,-18.7667,46.0333,59.72,91,4,2.57
457,Cabedelo,BR,2021-04-18 23:35:25,-6.9811,-34.8339,73.4,100,40,4.61
458,Port-Gentil,GA,2021-04-18 23:35:26,-0.7193,8.7815,80.6,89,20,3.44
459,Corner Brook,CA,2021-04-18 23:35:26,48.9667,-57.9484,44.6,93,90,17.27
460,Sabha,LY,2021-04-18 23:35:26,27.0377,14.4283,74.28,39,85,14.25
461,Lourdes,FR,2021-04-18 23:35:27,43.1,-0.05,42.8,75,0,4.61
462,Shenjiamen,CN,2021-04-18 23:35:27,29.9576,122.298,56.66,64,55,11.27
463,Maragogi,BR,2021-04-18 23:34:59,-9.0122,-35.2225,77.43,84,100,6.2
464,Tezu,IN,2021-04-18 23:35:28,27.9167,96.1667,66.65,80,100,6.04
465,Tautira,PF,2021-04-18 23:35:28,-17.7333,-149.15,87.8,62,20,8.05
466,Kuminskiy,RU,2021-04-18 23:35:29,58.6667,66.5667,19.85,64,40,7.2
467,Alexandria,EG,2021-04-18 23:32:37,31.2156,29.9553,73.4,49,0,3.44
468,Zelenoborskiy,RU,2021-04-18 23:35:29,66.845,32.3622,30.0,100,100,4.61
469,Araouane,ML,2021-04-18 23:31:23,18.9048,-3.5265,81.72,9,0,9.89
470,Tingo Maria,PE,2021-04-18 23:35:30,-9.2895,-76.0088,71.82,97,80,2.01
471,Itoman,JP,2021-04-18 23:35:30,26.1247,127.6694,66.2,63,40,11.5
472,Imperia,IT,2021-04-18 23:35:31,43.9667,7.7833,51.8,46,0,11.5
473,Bukoba,TZ,2021-04-18 23:35:31,-1.3317,31.8122,73.4,83,75,11.5
474,Mitu,CO,2021-04-18 23:35:32,1.1983,-70.1733,71.46,99,100,1.81
475,Pala,TD,2021-04-18 23:35:32,9.3642,14.9046,83.59,32,68,4.23
476,Andenes,NO,2021-04-18 23:35:33,69.3143,16.1194,41.0,65,32,17.27
477,Sisimiut,GL,2021-04-18 23:35:33,66.9395,-53.6735,17.13,64,100,14.07
478,Honiara,SB,2021-04-18 23:35:33,-9.4333,159.95,86.38,68,80,4.88
479,Palmerston,AU,2021-04-18 23:35:34,-12.486,130.9833,81.0,50,0,8.05
480,Sena Madureira,BR,2021-04-18 23:35:34,-9.0656,-68.6569,74.48,97,99,2.82
481,Ionia,US,2021-04-18 23:35:34,42.9873,-85.0711,57.2,28,75,10.36
482,Pangkalanbuun,ID,2021-04-18 23:35:06,-2.6833,111.6167,77.13,81,94,1.05
483,Khandagayty,RU,2021-04-18 23:35:35,50.7333,92.05,40.1,43,10,2.39
484,Kismayo,SO,2021-04-18 23:35:36,-0.3582,42.5454,80.51,80,82,7.76
485,Ciudad Bolivar,VE,2021-04-18 23:35:36,8.1222,-63.5497,86.61,41,97,18.59
486,Menongue,AO,2021-04-18 23:35:36,-14.6585,17.691,59.18,63,8,4.56
487,Bell Ville,AR,2021-04-18 23:35:37,-32.6259,-62.6887,69.01,82,4,5.01
488,Lodwar,KE,2021-04-18 23:35:37,3.1191,35.5973,82.44,54,77,14.43
489,Borgo San Dalmazzo,IT,2021-04-18 23:35:38,44.333,7.4858,44.6,87,75,4.61
490,Santa Isabel Do Rio Negro,BR,2021-04-18 23:35:38,-0.4139,-65.0192,73.11,98,100,2.51
491,Dali,CN,2021-04-18 23:35:38,25.7,100.1833,54.68,73,1,5.23
492,Aksarka,RU,2021-04-18 23:35:39,66.5606,67.7975,-5.08,91,97,3.6
493,Usinsk,RU,2021-04-18 23:35:39,65.9939,57.5281,3.85,99,58,5.01
494,Cap-Haitien,HT,2021-04-18 23:35:40,19.7578,-72.2042,79.79,78,0,2.48
495,Rio Gallegos,AR,2021-04-18 23:31:33,-51.6226,-69.2181,58.64,51,87,12.26
496,Todos Santos,MX,2021-04-18 23:35:40,23.45,-110.2167,66.99,78,29,5.99
497,Cuenca,EC,2021-04-18 23:31:13,-2.8833,-78.9833,64.4,68,75,6.91
498,Victoria,HK,2021-04-18 23:34:46,22.2855,114.1577,71.01,73,93,1.99
499,Nisia Floresta,BR,2021-04-18 23:35:41,-6.0911,-35.2086,77.0,94,40,4.61
500,Ouesso,CG,2021-04-18 23:35:41,1.6136,16.0517,72.21,96,100,2.64
501,Jaen,ES,2021-04-18 23:35:42,38.0,-3.5,49.82,36,99,3.78
502,Bacolod,PH,2021-04-18 23:35:42,10.6667,122.95,80.73,77,100,14.47
503,Mangochi,MW,2021-04-18 23:35:43,-14.4782,35.2645,62.8,89,22,6.29
504,Caravelas,BR,2021-04-18 23:35:43,-17.7125,-39.2481,75.99,85,7,7.99
505,Dwarka,IN,2021-04-18 23:35:44,22.2394,68.9678,79.38,83,35,14.07
506,Bakchar,RU,2021-04-18 23:35:44,57.0186,82.0711,11.25,83,100,16.89
507,Suntar,RU,2021-04-18 23:35:45,62.1444,117.6319,18.16,78,100,6.2
508,Vestmanna,FO,2021-04-18 23:35:45,62.1564,-7.1664,41.0,93,40,6.91
509,Bairiki,KI,2021-04-18 23:35:46,1.3292,172.9752,86.0,70,20,16.11
510,Matara,LK,2021-04-18 23:35:46,5.9485,80.5353,77.11,87,55,5.93
511,Giyani,ZA,2021-04-18 23:35:47,-23.3025,30.7187,57.72,66,0,2.08
512,Krasnoturinsk,RU,2021-04-18 23:35:47,59.7666,60.2086,23.2,55,62,2.93
513,Grand-Santi,GF,2021-04-18 23:35:47,4.25,-54.3833,72.09,97,97,2.44
514,Okahandja,NA,2021-04-18 23:35:48,-21.9833,16.9167,55.99,88,100,2.01
515,Altamura,IT,2021-04-18 23:35:48,40.8292,16.5537,48.99,100,40,2.3
516,Mayskiy,RU,2021-04-18 23:35:48,47.6931,40.1025,50.0,76,40,4.47
517,Beloha,MG,2021-04-18 23:35:49,-25.1667,45.05,64.42,73,0,13.18
518,Hami,CN,2021-04-18 23:35:49,42.8,93.45,58.01,30,65,13.87
519,Kirensk,RU,2021-04-18 23:35:50,57.7853,108.1119,22.95,69,52,3.13
520,Touros,BR,2021-04-18 23:35:50,-5.1989,-35.4608,75.2,94,40,3.44
521,Marzuq,YE,2021-04-18 23:35:05,14.4,46.4667,68.76,53,93,1.95
522,Okhotsk,RU,2021-04-18 23:35:51,59.3833,143.3,31.51,98,100,8.32
523,Adeje,ES,2021-04-18 23:35:51,28.1227,-16.726,66.2,63,20,11.5
524,Mandera,KE,2021-04-18 23:35:51,3.9366,41.867,82.26,63,83,6.89
525,Newala,TZ,2021-04-18 23:35:52,-10.9431,39.2787,60.26,90,10,1.9
526,Deputatskiy,RU,2021-04-18 23:35:52,69.3,139.9,8.91,84,62,3.62
527,Bathsheba,BB,2021-04-18 23:35:53,13.2167,-59.5167,78.8,61,40,20.71
528,Wapi Pathum,TH,2021-04-18 23:35:53,15.8452,103.3768,82.99,74,30,4.12
529,Icod De Los Vinos,ES,2021-04-18 23:35:53,28.3724,-16.7119,61.0,87,96,10.25
530,Ovre Ardal,NO,2021-04-18 23:35:54,61.3167,7.8,28.76,85,9,6.04
531,Kautokeino,NO,2021-04-18 23:35:54,69.0125,23.0412,33.67,94,100,11.12
532,Poronaysk,RU,2021-04-18 23:35:55,49.2167,143.1167,33.39,98,100,14.72
533,Svetlaya,RU,2021-04-18 23:35:55,46.5389,138.3297,47.25,59,100,6.58
534,Beringovskiy,RU,2021-04-18 23:35:55,63.05,179.3167,32.65,95,91,4.45
535,Denpasar,ID,2021-04-18 23:33:50,-8.65,115.2167,78.8,94,40,2.3
536,Leshukonskoye,RU,2021-04-18 23:35:53,64.8989,45.7622,25.5,81,52,2.91
537,Laredo,US,2021-04-18 23:31:36,27.5064,-99.5075,71.6,30,75,11.5
538,Muisne,EC,2021-04-18 23:35:56,0.6,-80.0333,82.4,78,0,8.05
539,Opuwo,NA,2021-04-18 23:35:57,-18.0607,13.84,72.28,41,69,7.9
540,Atar,MR,2021-04-18 23:35:57,20.5169,-13.0499,80.83,13,75,6.78
541,Sadovoye,RU,2021-04-18 23:35:58,47.7764,44.5089,50.43,87,91,5.35
542,Chaman,PK,2021-04-18 23:33:18,30.9236,66.4512,65.34,16,98,2.59
543,Qurayyat,SA,2021-04-18 23:35:58,31.3318,37.3428,71.6,40,0,6.91
544,Taoudenni,ML,2021-04-18 23:35:59,22.6783,-3.9836,81.03,15,0,12.53
545,Venado Tuerto,AR,2021-04-18 23:35:59,-33.7456,-61.9688,71.01,45,0,8.05
546,Calama,CL,2021-04-18 23:35:59,-22.4667,-68.9333,64.4,16,0,13.8
547,Maarianhamina,AX,2021-04-18 23:36:00,60.0973,19.9348,28.4,93,0,1.14
548,Nouadhibou,MR,2021-04-18 23:36:00,20.931,-17.0347,66.2,77,0,14.97
549,Hamada,JP,2021-04-18 23:36:01,34.8833,132.0833,51.8,71,20,9.22
550,Embu,BR,2021-04-18 23:32:48,-23.6489,-46.8522,64.4,88,90,10.36
551,Merauke,ID,2021-04-18 23:36:01,-8.4667,140.3333,80.85,81,99,8.9
552,Vanimo,PG,2021-04-18 23:36:02,-2.6741,141.3028,82.29,75,96,3.18
553,Santa Pola,ES,2021-04-18 23:36:02,38.1917,-0.5658,54.0,87,0,2.3
554,Bangangte,CM,2021-04-18 23:36:03,5.1409,10.5198,64.08,97,95,2.1
555,Masumbwe,TZ,2021-04-18 23:36:03,-3.6333,32.1833,63.1,94,88,2.3
556,Skjervoy,NO,2021-04-18 23:36:03,70.0311,20.9714,39.31,60,99,12.15
557,Sokoto,NG,2021-04-18 23:36:04,13.0609,5.239,89.6,18,14,9.44
